tic,year,quarter,timestamp_p,section,section_id,speaker_name_P,speaker_title_P,presentation_text,finberttone_expected_value,finberttone_cumulative_tone,finberttone_change_point
CPA,2021,1,2.04,Pre,1,Conference Operator,Call Operator,"Ladies and gentlemen, thank you for standing by.",0.001509135,0.001509135,0
CPA,2021,1,4.961,Pre,2,Conference Operator,Call Operator,Welcome to the Copa Holdings first quarter earnings call.,0.00042396,0.001933095,0
CPA,2021,1,9.003,Pre,3,Conference Operator,Call Operator,"During the presentation, all participants will be in listen-only mode.",1.39E-06,0.001934483,0
CPA,2021,1,11.984,Pre,4,Conference Operator,Call Operator,"Afterwards, we will conduct a question and answer session.",-6.03E-05,0.001874206,0
CPA,2021,1,17.186,Pre,5,Conference Operator,Call Operator,"At that time, if you have a question, you may press star then one on your touchtone phone.",-0.000451593,0.001422613,0
CPA,2021,1,21.578,Pre,6,Conference Operator,Call Operator,"As a reminder, this call is being webcast and recorded on May 6, 2021.",-7.19E-06,0.001415426,0
CPA,2021,1,28.131,Pre,7,Conference Operator,Call Operator,"Now, I will turn the conference over to Raul Pascal, Director of Investor Relations.",-0.000699278,0.000716148,0
CPA,2021,1,29.512,Pre,8,Conference Operator,Call Operator,"Sir, you may begin.",-0.001129114,-0.000412965,0
CPA,2021,1,34.642,Pre,9,Raúl Pascal,Director of Investor Relations,"Thank you, Tamika, and welcome everyone to our first quarter earnings call.",0.001256832,0.000843866,0
CPA,2021,1,40.505,Pre,10,Raúl Pascal,Director of Investor Relations,"Joining us today are Pedro Heilbron, CEO of Copa Holdings, and Jose Montero, our CFO.",-3.57E-07,0.00084351,0
CPA,2021,1,50.09,Pre,11,Raúl Pascal,Director of Investor Relations,"First, Pedro will start by going over our first quarter highlights and the actions the company has taken to mitigate the impact from the COVID-19 pandemic.",-0.000125126,0.000718384,0
CPA,2021,1,54.712,Pre,12,Raúl Pascal,Director of Investor Relations,"Followed by Jose, who will discuss our first quarter financial results in detail.",-7.32E-07,0.000717651,0
CPA,2021,1,58.994,Pre,13,Raúl Pascal,Director of Investor Relations,"Immediately after, we will open the call for questions from analysts.",-1.77E-05,0.000699976,0
CPA,2021,1,66.064,Pre,14,Raúl Pascal,Director of Investor Relations,Copa Holdings financial reports have been prepared in accordance with international financial reporting standards.,-0.000173244,0.000526732,0
CPA,2021,1,69.965,Pre,15,Raúl Pascal,Director of Investor Relations,"In today's call, we will discuss non-IFRS financial measures.",-7.53E-05,0.000451386,0
CPA,2021,1,79.768,Pre,16,Raúl Pascal,Director of Investor Relations,"A reconciliation of the non-IFRS to IFRS financial measures can be found in our earnings release, which has been posted on the company's website, copa.com.",2.04E-05,0.000471741,0
CPA,2021,1,94.153,Pre,17,Raúl Pascal,Director of Investor Relations,"Our discussion today will also contain forward-looking statements, not limited to historical facts, that reflect the company's current beliefs, expectations, and or intentions regarding future events and results.",-0.000445079,2.67E-05,0
CPA,2021,1,103.918,Pre,18,Raúl Pascal,Director of Investor Relations,These forward-looking statements involve risks and uncertainties that could cause actual results to differ materially and are based on assumptions subject to change.,-0.057329081,-0.057302419,0
CPA,2021,1,108.541,Pre,19,Raúl Pascal,Director of Investor Relations,Many of these are discussed in our annual report filed with the SEC.,-0.000781333,-0.058083751,0
CPA,2021,1,112.623,Pre,20,Raúl Pascal,Director of Investor Relations,"Now, I'd like to turn the call over to our CEO, Mr.",-0.005317227,-0.063400978,0
CPA,2021,1,113.183,Pre,21,Raúl Pascal,Director of Investor Relations,Pedro Hebron.,-0.004088854,-0.067489832,0
CPA,2021,1,116.925,Pre,22,Pedro Heilbrón,"CEO, Copa Holdings","Thank you, Raúl.",0.078275291,0.010785459,0
CPA,2021,1,118.986,Pre,23,Pedro Heilbrón,"CEO, Copa Holdings",Good morning to all.,0.644473663,0.655259122,0
CPA,2021,1,122.897,Pre,24,Pedro Heilbrón,"CEO, Copa Holdings",and thanks for participating in our first quarter earnings call.,0.48603431,1.141293432,0
CPA,2021,1,137.52,Pre,25,Pedro Heilbrón,"CEO, Copa Holdings","Before we begin, I'd like to thank all our coworkers for their commitment to the company and recognize their continuous efforts and dedication to keep COPA at the forefront of Latin American aviation.",0.973592892,2.114886324,0
CPA,2021,1,141.761,Pre,26,Pedro Heilbrón,"CEO, Copa Holdings","To them, as always, my utmost respect and admiration.",0.999806655,3.114692979,0
CPA,2021,1,156.205,Pre,27,Pedro Heilbrón,"CEO, Copa Holdings","In our last earnings call in February, we advised of deteriorating demand patterns and expressed concerns over what appeared to be new infection waves across many countries in our region.",-0.999998811,2.114694168,0
CPA,2021,1,161.668,Pre,28,Pedro Heilbrón,"CEO, Copa Holdings","Since then, we've faced two diverging themes in our network.",-0.983842953,1.130851215,0
CPA,2021,1,176.316,Pre,29,Pedro Heilbrón,"CEO, Copa Holdings","On the one hand, in the US, Panama, and a few other countries, we're seeing a downward trend in infection rates, which has led to fewer travel restrictions and an uptick in demand.",-0.4112512,0.719600015,0
CPA,2021,1,197.864,Pre,30,Pedro Heilbrón,"CEO, Copa Holdings","On the other hand, several countries in Latin America continue to struggle with the virus, leading many to reimpose their travel restrictions and or new health requirements, affecting demand for international travel, and in many cases, leading to a reduction in our planned capacity.",-0.999986328,-0.280386313,0
CPA,2021,1,214.303,Pre,31,Pedro Heilbrón,"CEO, Copa Holdings","However, we're hopeful that as countries in our region continue taking the necessary actions to control this health crisis, we should start seeing a more robust recovery, fewer restrictions, and improving traffic patterns.",0.999999776,0.719613463,1
CPA,2021,1,218.385,Pre,32,Pedro Heilbrón,"CEO, Copa Holdings","Now, I'll highlight some of our first quarter results.",-1.01E-05,0.71960333,0
CPA,2021,1,224.149,Pre,33,Pedro Heilbrón,"CEO, Copa Holdings","In terms of capacity, we reached 39% of first quarter 2019 ASMs.",8.37E-05,0.719687078,0
CPA,2021,1,238.727,Pre,34,Pedro Heilbrón,"CEO, Copa Holdings","Load factor improved from 63% in January to 75% in March, leading to an average load factor of 69% for the quarter.",0.999999998,1.719687076,0
CPA,2021,1,249.574,Pre,35,Pedro Heilbrón,"CEO, Copa Holdings",Our revenues increased by 17% over the previous quarter to $185 million as a result of additional capacity.,0.999999746,2.719686821,0
CPA,2021,1,259.521,Pre,36,Pedro Heilbrón,"CEO, Copa Holdings",This additional capacity also allowed us to bring down our ex-fuel chasm from 13.4 cents in Q4 to 8.5 cents.,0.97128619,3.690973011,0
CPA,2021,1,276.309,Pre,37,Pedro Heilbrón,"CEO, Copa Holdings","We reported an operating loss of $77 million in the quarter, 16% better than the adjusted operating loss of $95 million reported in the fourth quarter of 2020.",0.999998982,4.690971993,0
CPA,2021,1,287.086,Pre,38,Pedro Heilbrón,"CEO, Copa Holdings","In terms of our liquidity position, we increased our cash balance to $1.2 billion and our total liquidity to over $1.5 billion.",0.999554114,5.690526107,0
CPA,2021,1,295.535,Pre,39,Pedro Heilbrón,"CEO, Copa Holdings",This was driven by extraordinary net proceeds from aircraft financing and asset sales.,0.000118107,5.690644214,0
CPA,2021,1,309.524,Pre,40,Pedro Heilbrón,"CEO, Copa Holdings","And our cash consumption, excluding the previously mentioned proceeds, but including CAPEX and the payment of all financial obligations, was $23 million per month.",-8.13E-06,5.690636084,0
CPA,2021,1,316.388,Pre,41,Pedro Heilbrón,"CEO, Copa Holdings","That was better than expected due to higher sales, mostly for travel in the second quarter.",0.999999997,6.690636082,0
CPA,2021,1,344.304,Pre,42,Pedro Heilbrón,"CEO, Copa Holdings","In terms of our operations, And despite the incremental complexity imposed by the biosafety protocols, we're pleased to report an on-time performance of 95% for the quarter and a flight completion factor of 99.3%, which is a true testament to our employees' laser-focused commitment to providing a world-class product to our passengers.",0.999999989,7.690636071,0
CPA,2021,1,353.892,Pre,43,Pedro Heilbrón,"CEO, Copa Holdings",So we're proud to be back connecting the Americas with the industry-leading operational standards our passengers expect from us.,0.999999994,8.690636064,0
CPA,2021,1,372.402,Pre,44,Pedro Heilbrón,"CEO, Copa Holdings","Subject to demand and air travel restrictions in the region, in June we plan to return our flight network to a six connecting bank hub structure, which will enable us to operate more efficiently and to continue adding frequencies and destinations.",0.997734909,9.688370974,0
CPA,2021,1,383.106,Pre,45,Pedro Heilbrón,"CEO, Copa Holdings","If our current plan holds, We should be operating more than 60 destinations by the end of the second quarter, compared to 80 before the pandemic.",0.000268941,9.688639914,0
CPA,2021,1,396.257,Pre,46,Pedro Heilbrón,"CEO, Copa Holdings","Jose will provide a more detailed outlook for the second quarter, which will include specific capacity figures, our latest revenue assumptions, and an update on our cash consumption projections.",1.22E-07,9.688640037,0
CPA,2021,1,401.041,Pre,47,Pedro Heilbrón,"CEO, Copa Holdings","Regarding our fleet, it was a very busy quarter.",0.998381768,10.6870218,0
CPA,2021,1,411.208,Pre,48,Pedro Heilbrón,"CEO, Copa Holdings",we received six previously built and stored 737 Mach 9s and delivered four Embraer 190s to their new owner.,-2.59E-05,10.68699591,0
CPA,2021,1,426.676,Pre,49,Pedro Heilbrón,"CEO, Copa Holdings","As per our fleet plan, we expect to deliver the last four Embraer aircraft in the second quarter and receive two more 737 Mach 9s in the fourth quarter, which would have us ending the year with a fleet of 83 aircraft.",5.74E-05,10.68705334,0
CPA,2021,1,454.015,Pre,50,Pedro Heilbrón,"CEO, Copa Holdings","I'd like to reaffirm that we have a proven and strong business model, which is based on operating the best and most convenient network for intra-Latin America travel from our hub of the Americas, leveraging Panama's advantageous geographic position with the region's lowest unit cost for a full service carrier, best on time performance, and strongest balance sheet.",0.999999995,11.68705334,0
CPA,2021,1,462.415,Pre,51,Pedro Heilbrón,"CEO, Copa Holdings","Going forward, the company expects that its Hop of the Americas will be an even more valuable source of strategic advantage.",0.999999968,12.68705331,0
CPA,2021,1,475.079,Pre,52,Pedro Heilbrón,"CEO, Copa Holdings","It's likely that fewer intra-Latin America markets will be able to sustain direct point-to-point service, so we believe the Hop of the Americas will be the best position to serve this market.",0.999999991,13.6870533,0
CPA,2021,1,480.601,Pre,53,Pedro Heilbrón,"CEO, Copa Holdings","Now, I will turn it over to Jose, who will go over our financial results in more detail.",-0.000276511,13.68677679,0
CPA,2021,1,485.001,Pre,54,José Montero,"CFO, Copa Holdings","Thank you, Pedro.",0.085538723,13.77231551,0
CPA,2021,1,485.962,Pre,55,José Montero,"CFO, Copa Holdings","Good morning, everyone.",0.500621597,14.27293711,0
CPA,2021,1,489.463,Pre,56,José Montero,"CFO, Copa Holdings",I hope that you and your families are safe and doing well.,0.999999883,15.27293699,0
CPA,2021,1,490.804,Pre,57,José Montero,"CFO, Copa Holdings",Thanks for being with us today.,0.028599245,15.30153623,0
CPA,2021,1,498.507,Pre,58,José Montero,"CFO, Copa Holdings",I'd like to join Pedro in acknowledging our great COPPA team for all their efforts and great spirit during these very challenging times.,0.999999353,16.30153559,0
CPA,2021,1,502.029,Pre,59,José Montero,"CFO, Copa Holdings",I'll start by going over our first quarter results.,-3.02E-05,16.30150538,0
CPA,2021,1,511.323,Pre,60,José Montero,"CFO, Copa Holdings","Our capacity came in at 2.5 billion available seat models, which amounts to about 39% of the capacity operated during the first quarter of 2019.",1.68E-06,16.30150706,0
CPA,2021,1,516.225,Pre,61,José Montero,"CFO, Copa Holdings",Load factor came in at an average of 69% for the quarter.,9.22E-05,16.30159923,1
CPA,2021,1,522.948,Pre,62,José Montero,"CFO, Copa Holdings","We reported a net loss of $110.7 million, or $2.60 per share.",-0.999619052,15.30198018,0
CPA,2021,1,531.333,Pre,63,José Montero,"CFO, Copa Holdings","Excluding special items, we would have reported a net loss of $95.1 million, or $2.23 per share.",-0.99133748,14.3106427,0
CPA,2021,1,541.549,Pre,64,José Montero,"CFO, Copa Holdings",Special items for the quarter are comprised mainly of an unrealized mark-to-market loss of $15.7 million related to the company's convertible notes issued in 2020.,-0.650598561,13.66004414,0
CPA,2021,1,552.296,Pre,65,José Montero,"CFO, Copa Holdings","In terms of operating results, we reported a $77.1 million loss for the quarter and improvement over the operating results for the fourth quarter of 2020.",0.999999517,14.66004365,0
CPA,2021,1,563.034,Pre,66,José Montero,"CFO, Copa Holdings","And our cash consumption for the quarter came in better than expected at an average of $23 million per month, driven mostly by improving sales for travel during the second quarter.",0.999999999,15.66004365,0
CPA,2021,1,567.058,Pre,67,José Montero,"CFO, Copa Holdings",A significant part of our focus as a company is in our costs.,-0.000111246,15.65993241,0
CPA,2021,1,571.421,Pre,68,José Montero,"CFO, Copa Holdings",Our unit costs excluding fuel for the first quarter came in at 8.5 cents per ASM.,7.35E-05,15.66000592,0
CPA,2021,1,580.885,Pre,69,José Montero,"CFO, Copa Holdings","We continued operating more efficiently in terms of passenger servicing, as well as in terms of our administrative and other overhead expenses.",0.999996566,16.66000249,0
CPA,2021,1,587.067,Pre,70,José Montero,"CFO, Copa Holdings",And we're poised to achieve a sub 6 cent Casimax fuel once we reach our pre-COVID-19 capacity.,0.999997388,17.65999988,0
CPA,2021,1,592.209,Pre,71,José Montero,"CFO, Copa Holdings",I'm going to spend some time now discussing our balance sheet and liquidity.,-1.71E-05,17.65998274,0
CPA,2021,1,601.332,Pre,72,José Montero,"CFO, Copa Holdings","As of the end of the first quarter, we had assets of close to $4.1 billion, and our cash, short and long-term investments ended at $1.2 billion.",1.31E-08,17.65998275,0
CPA,2021,1,613.662,Pre,73,José Montero,"CFO, Copa Holdings","We also ended the quarter with an aggregate amount of $345 million in unutilized committed credit facilities, which added to our cash, brought our total liquidity to more than $1.5 billion.",0.369987999,18.02997075,0
CPA,2021,1,619.425,Pre,74,José Montero,"CFO, Copa Holdings","As to our debt, we ended the quarter with $1.7 billion in debt and lease liabilities.",-5.28E-07,18.02997022,0
CPA,2021,1,628.94,Pre,75,José Montero,"CFO, Copa Holdings",Increasing our debt balance compared to the end of 2020 is related to the financing of 7737 MAX 9 aircraft received between December 2020 and March 2021.,0.011060978,18.0410312,0
CPA,2021,1,636.349,Pre,76,José Montero,"CFO, Copa Holdings","As for our fleet plan, during the first quarter, we received six 737 MAX 9 aircraft.",-8.68E-05,18.04094438,0
CPA,2021,1,650.082,Pre,77,José Montero,"CFO, Copa Holdings","We also finalized the sale and delivery of four Embraer 190s, and as of today, we have delivered 10 out of the 14 aircraft we agreed to sell to a third party, and expect to have delivered the entire 190 fleet by June of 2021.",1.02E-05,18.04095454,0
CPA,2021,1,653.573,Pre,78,José Montero,"CFO, Copa Holdings","We ended the quarter with 81 aircraft, 68 737-800s, and 13 MAX 9s.",-2.68E-07,18.04095427,0
CPA,2021,1,666.577,Pre,79,José Montero,"CFO, Copa Holdings","Including these figures are 16 737-800s, which will remain in temporary storage until demand trends call for additional capacity.",-0.000188229,18.04076604,0
CPA,2021,1,674.885,Pre,80,José Montero,"CFO, Copa Holdings",We expect to receive two more 737 MAX 9s during the fourth quarter of 2021 and expect to end the year with a total fleet of 83 aircraft.,5.70E-06,18.04077174,0
CPA,2021,1,683.072,Pre,81,José Montero,"CFO, Copa Holdings","As to our outlook for the rest of 2021, we are still in a very uncertain and unpredictable demand and operating environment.",-0.999727855,17.04104388,0
CPA,2021,1,686.255,Pre,82,José Montero,"CFO, Copa Holdings","And as such, we will not be providing full year guidance.",-0.00798709,17.03305679,0
CPA,2021,1,699.911,Pre,83,José Montero,"CFO, Copa Holdings","However, based on preliminary results for the month of April and the current state of demand environment and air travel restrictions, we can provide the following outlook for the second quarter of 2021 as compared to the second quarter of 2019.",-0.000194268,17.03286253,0
CPA,2021,1,707.083,Pre,84,José Montero,"CFO, Copa Holdings","We expect capacity to be approximately 45% of Q2 2019 levels and about 2.9 billion ASMs, a 17% increase quarter over quarter.",0.99993796,18.03280049,0
CPA,2021,1,719.653,Pre,85,José Montero,"CFO, Copa Holdings",and revenues to be approximately 40% of Q2 2019 levels at about $260 million.,3.71E-06,18.0328042,0
CPA,2021,1,732.717,Pre,86,José Montero,"CFO, Copa Holdings","Given these operating conditions, and assuming an all-in fuel price of $1.95 per gallon, we expect our cash consumption for the second quarter to be in the range of $10 to $15 million per month.",-0.000236706,18.03256749,0
CPA,2021,1,749.037,Pre,87,José Montero,"CFO, Copa Holdings","Let me close by stating that once this most challenging situation passes, we believe Copa Salvo de Americas will remain as the best connecting point for travel in the region with a privileged location and even more efficient business model with lower costs and the best team in the industry.",0.999999795,19.03256728,0
CPA,2021,1,750.519,Pre,88,José Montero,"CFO, Copa Holdings",Thank you.,0.159266192,19.19183348,0
CPA,2021,2,2.395,Pre,1,Operator,Conference Operator,"Ladies and gentlemen, thank you for standing by.",0.001509135,0.001509135,0
CPA,2021,2,5.436,Pre,2,Operator,Conference Operator,Welcome to COPA Holdings' second quarter earnings call.,0.000540465,0.0020496,0
CPA,2021,2,9.057,Pre,3,Operator,Conference Operator,"During the presentation, our participants will be in a listen-only mode.",2.29E-06,0.002051892,0
CPA,2021,2,11.858,Pre,4,Operator,Conference Operator,"Afterwards, we will conduct a question-and-answer session.",-4.78E-05,0.002004049,0
CPA,2021,2,16.979,Pre,5,Operator,Conference Operator,"At that time, if you have a question, you will have to press star, then 1 on your touch-tone phone.",-0.000938765,0.001065284,0
CPA,2021,2,20.97,Pre,6,Operator,Conference Operator,"As a reminder, this call is being recorded on August 5, 2021.",-3.06E-05,0.001034725,0
CPA,2021,2,27.362,Pre,7,Operator,Conference Operator,"Now I will turn the conference over to Daniel Tapia, Director of Investor Relations.",-0.001098232,-6.35E-05,0
CPA,2021,2,28.722,Pre,8,Operator,Conference Operator,"Sir, you may begin.",-0.001129114,-0.001192621,0
CPA,2021,2,34.97,Pre,9,Daniel Tapia,Director of Investor Relations,"Thank you, Stephanie, and welcome everyone to our second quarter earnings call.",0.001993952,0.000801331,0
CPA,2021,2,41.916,Pre,10,Daniel Tapia,Director of Investor Relations,"Joining us today are Pedro Helron, CEO of Copa Holdings, and Jose Montero, our CFO.",-5.90E-07,0.000800741,0
CPA,2021,2,50.702,Pre,11,Daniel Tapia,Director of Investor Relations,"First, Pedro will start by going over our second quarter highlights, followed by Jose, who will discuss our financial results.",2.51E-07,0.000800991,0
CPA,2021,2,55.987,Pre,12,Daniel Tapia,Director of Investor Relations,"Immediately after, we will open the call for questions from analysts.",-1.77E-05,0.000783316,0
CPA,2021,2,63.506,Pre,13,Daniel Tapia,Director of Investor Relations,COPPA holding financial reports have been prepared in accordance with international financial reporting standards.,-0.000107481,0.000675835,0
CPA,2021,2,68.529,Pre,14,Daniel Tapia,Director of Investor Relations,"In today's call, we will discuss non-IFRS financial measures.",-7.53E-05,0.000600488,0
CPA,2021,2,79.815,Pre,15,Daniel Tapia,Director of Investor Relations,"A reconciliation of the non-IFRS to IFRS financial measures can be found in our earnings release, which has been posted on the company's website, coppa.com.",1.32E-05,0.000613645,0
CPA,2021,2,85.118,Pre,16,Daniel Tapia,Director of Investor Relations,Our discussion today will also contain forward-looking statements.,-0.001384589,-0.000770943,0
CPA,2021,2,93.593,Pre,17,Daniel Tapia,Director of Investor Relations,"not limited to historical facts that reflect the company's current beliefs, expectations, and or intentions regarding future events and results.",-0.001175479,-0.001946423,0
CPA,2021,2,103.956,Pre,18,Daniel Tapia,Director of Investor Relations,These forward-looking statements involve risks and uncertainties that could cause actual results to differ materially and are based on assumptions subject to change.,-0.057329081,-0.059275504,0
CPA,2021,2,108.517,Pre,19,Daniel Tapia,Director of Investor Relations,Many of these are discussed in our annual report filed with the SEC.,-0.000781333,-0.060056836,0
CPA,2021,2,112.339,Pre,20,Daniel Tapia,Director of Investor Relations,"Now I'd like to turn the call over to our CEO, Mr.",-0.004264909,-0.064321745,0
CPA,2021,2,112.979,Pre,21,Daniel Tapia,Director of Investor Relations,Pedro Gelón.,-0.005144842,-0.069466587,0
CPA,2021,2,117.503,Pre,22,Pedro Helron,"CEO, Copa Holdings","Thank you, Daniel.",0.114130706,0.044664119,0
CPA,2021,2,123.405,Pre,23,Pedro Helron,"CEO, Copa Holdings","Good morning to all, and thanks for participating in our second quarter earnings call.",0.467562979,0.512227097,0
CPA,2021,2,137.269,Pre,24,Pedro Helron,"CEO, Copa Holdings","Before we begin, I'd like to thank all our coworkers for their commitment to the company and recognize their continuous efforts and dedication to keep COPPA at the forefront of Latin American aviation.",0.9783362,1.490563297,0
CPA,2021,2,141.59,Pre,25,Pedro Helron,"CEO, Copa Holdings","To them, as always, my utmost respect and admiration.",0.999806655,2.490369952,0
CPA,2021,2,151.003,Pre,26,Pedro Helron,"CEO, Copa Holdings","As many of you know, Raúl Pascual decided to take on a new professional challenge and left the company earlier last month.",-0.996422863,1.493947089,0
CPA,2021,2,156.866,Pre,27,Pedro Helron,"CEO, Copa Holdings",We are very grateful for the more than 15 years of outstanding work he dedicated to COPPA.,0.999999879,2.493946968,0
CPA,2021,2,165.091,Pre,28,Pedro Helron,"CEO, Copa Holdings","I would also like to take the opportunity to welcome Daniel Tapia, our new Director of Investor Relations.",-6.84E-05,2.493878557,0
CPA,2021,2,175.262,Pre,29,Pedro Helron,"CEO, Copa Holdings","Daniel has over 12 years of experience with the company in many areas, including airports, scheduling, and most recently fleet and network planning.",0.000305766,2.494184323,0
CPA,2021,2,180.063,Pre,30,Pedro Helron,"CEO, Copa Holdings",We're very confident in Daniel's ability to lead our investor relations group.,0.999999993,3.494184316,0
CPA,2021,2,189.346,Pre,31,Pedro Helron,"CEO, Copa Holdings","As you may remember, in our last earnings call, we discussed two diverging themes happening in Latin America.",-0.000292697,3.493891619,0
CPA,2021,2,202.306,Pre,32,Pedro Helron,"CEO, Copa Holdings","On the one hand, some countries, including Panama, were experiencing a downward trend in infection rate, which led to fewer travel restrictions and an improved demand environment.",0.999999484,4.493891103,0
CPA,2021,2,217.635,Pre,33,Pedro Helron,"CEO, Copa Holdings","On the other hand, several other countries continued to struggle with the virus, which led many of them to re-impose air travel restrictions and or new health requirements, affecting demand for international travel.",-0.999876821,3.494014282,0
CPA,2021,2,222.246,Pre,34,Pedro Helron,"CEO, Copa Holdings","As of today, the story has not changed much.",-0.036129456,3.457884826,0
CPA,2021,2,234.196,Pre,35,Pedro Helron,"CEO, Copa Holdings","Due to the increase in COVID-19 cases, several countries have maintained and in some cases increased travel restrictions, which has affected our ability to ring state capacity.",-0.99568776,2.462197065,0
CPA,2021,2,242.043,Pre,36,Pedro Helron,"CEO, Copa Holdings","On the other hand, markets without significant restrictions, mainly to and from the U.S.",-0.010017527,2.452179538,1
CPA,2021,2,252.241,Pre,37,Pedro Helron,"CEO, Copa Holdings","and certain leisure destinations, have continued to recover, which has allowed us to increase capacity quarter over quarter while also growing load factors.",0.99999997,3.452179508,0
CPA,2021,2,269.566,Pre,38,Pedro Helron,"CEO, Copa Holdings","In the month of June, we successfully transitioned our Hub of the Americas in Panama back to a six-bank connecting structure, which enables cost efficiencies and lets us continue adding back frequencies and destinations.",0.999999891,4.452179399,0
CPA,2021,2,276.536,Pre,39,Pedro Helron,"CEO, Copa Holdings","Moreover, we started to reactivate some of the aircraft sent to temporary storage during 2020.",-0.002424891,4.449754508,0
CPA,2021,2,299.782,Pre,40,Pedro Helron,"CEO, Copa Holdings","Going forward, we assume ongoing vaccination efforts will have a positive effect on COVID-19 infection rates in the region, which we expect will lead to the relaxation of travel restrictions and a faster demand recovery, supporting the capacity deployment for the second half of the year.",0.999999997,5.449754505,0
CPA,2021,2,303.944,Pre,41,Pedro Helron,"CEO, Copa Holdings",Now I'll highlight some of our second quarter results.,-1.28E-05,5.449741699,0
CPA,2021,2,314.366,Pre,42,Pedro Helron,"CEO, Copa Holdings","In terms of capacity, we reached 48% of second quarter 2019 ASMs compared to 39% in the first quarter.",1.70E-05,5.449758714,0
CPA,2021,2,323.048,Pre,43,Pedro Helron,"CEO, Copa Holdings","Load factor came in at 77%, which is an improvement of 8 percentage points compared to the first quarter.",0.999999739,6.449758453,0
CPA,2021,2,327.569,Pre,44,Pedro Helron,"CEO, Copa Holdings",Revenues increased by 64% over the previous quarter to $304 million.,0.999999487,7.44975794,0
CPA,2021,2,336.361,Pre,45,Pedro Helron,"CEO, Copa Holdings","as a result of the additional capacity, higher load factors, and improved yields.",0.999999995,8.449757935,0
CPA,2021,2,347.986,Pre,46,Pedro Helron,"CEO, Copa Holdings",The additional capacity also allowed us to reduce our ex-fuel chasm from 8.5 cents in Q1 to 7.6 cents in Q2.,0.997234632,9.446992568,0
CPA,2021,2,363.693,Pre,47,Pedro Helron,"CEO, Copa Holdings","We reported an operating profit of $8.7 million in the quarter, excluding a $10.4 million passenger revenue adjustment the company would have reported an operating loss of $1.7 million.",-0.99911653,8.447876038,0
CPA,2021,2,374.076,Pre,48,Pedro Helron,"CEO, Copa Holdings","Cash acquisition averaged $21 million per month, which was better than our expectations, primarily due to stronger sales in the quarter.",0.999999999,9.447876037,0
CPA,2021,2,382.278,Pre,49,Pedro Helron,"CEO, Copa Holdings",We ended the quarter with a cash balance of $1.3 billion and total liquidity of over $1.6 billion.,6.46E-05,9.447940605,0
CPA,2021,2,411.452,Pre,50,Pedro Helron,"CEO, Copa Holdings","In terms of our operations, and despite the complexity imposed by the multiple biosafety protocols, we are pleased to report an on-time performance of 92% for the quarter and a flight completion factor of 99.5%, which again places us among the best in the world and is a true testament to our employees' continuous commitment to providing a world-class product to our passengers.",0.999999991,10.4479406,0
CPA,2021,2,422.246,Pre,51,Pedro Helron,"CEO, Copa Holdings","Turning now to Wingo, we can report that it's now operating six 737-800s compared to the four it operated pre-pandemic.",-4.27E-06,10.44793632,0
CPA,2021,2,434.212,Pre,52,Pedro Helron,"CEO, Copa Holdings","During the second quarter, Wingo continued its regional expansion with new flights from Panama to San Jose, Costa Rica, and from Bogota to Lima, Peru.",0.000828328,10.44876465,0
CPA,2021,2,439.385,Pre,53,Pedro Helron,"CEO, Copa Holdings","And since Q1, it's been operating more capacity than in 2019.",0.022230594,10.47099524,0
CPA,2021,2,466.145,Pre,54,Pedro Helron,"CEO, Copa Holdings","To finalize, I'd like to reaffirm that we have a proven and strong business model which is based on operating the best and most convenient network for intra-Latin America travel from our hub of the Americas, leveraging Panama's advantageous geographic position with the region's lowest unit cost for a full service carrier, best on time performance and strongest balance sheet.",0.999999993,11.47099524,0
CPA,2021,2,473.701,Pre,55,Pedro Helron,"CEO, Copa Holdings","Going forward, the company expects that its help of the Americas will be an even more valuable source of strategic advantage.",0.999999979,12.47099521,0
CPA,2021,2,479.385,Pre,56,Pedro Helron,"CEO, Copa Holdings","Now, I'll turn it over to Jose, who will go over our financial results in more detail.",-0.000251181,12.47074403,0
CPA,2021,2,482.068,Pre,57,Jose Montero,"CFO, Copa Holdings","Thank you, Pedro.",0.085538723,12.55628276,0
CPA,2021,2,483.049,Pre,58,Jose Montero,"CFO, Copa Holdings","Good morning, everyone.",0.500621597,13.05690435,0
CPA,2021,2,485.991,Pre,59,Jose Montero,"CFO, Copa Holdings",I hope that you and your families are safe and doing well.,0.999999883,14.05690424,0
CPA,2021,2,487.953,Pre,60,Jose Montero,"CFO, Copa Holdings",Thanks for joining us today.,0.421710372,14.47861461,0
CPA,2021,2,494.619,Pre,61,Jose Montero,"CFO, Copa Holdings",I'd like to join Pedro in acknowledging our great Copa team for all their efforts and great spirit in these many months of the pandemic.,0.999997622,15.47861223,0
CPA,2021,2,498.078,Pre,62,Jose Montero,"CFO, Copa Holdings",I will start by going over our second quarter results.,-4.56E-05,15.47856667,0
CPA,2021,2,507.437,Pre,63,Jose Montero,"CFO, Copa Holdings","Our capacity came in at 2.9 billion available seat miles, which amounts to about 48% of the capacity operated during the second quarter of 2019.",9.26E-07,15.4785676,0
CPA,2021,2,512.412,Pre,64,Jose Montero,"CFO, Copa Holdings",Load factor came in at an average of 77% for the quarter.,0.000199325,15.47876693,0
CPA,2021,2,516.135,Pre,65,Jose Montero,"CFO, Copa Holdings","We reported a net profit of $28.1 million, or 66 cents per share.",0.10623657,15.58500349,0
CPA,2021,2,526.651,Pre,66,Jose Montero,"CFO, Copa Holdings","Excluding special items, we would have reported a net loss of $16.2 million or a loss of $0.38 per share.",-0.997590038,14.58741346,0
CPA,2021,2,545.208,Pre,67,Jose Montero,"CFO, Copa Holdings","Special items for the quarter are comprised mainly of an unrealized mark-to-market gain of $33.9 million related to the company's convertible notes issued in 2020 and $10.4 million in revenues related to underpinned tickets, which correspond to sales made during 2019 and early in 2020.",-0.000123172,14.58729029,0
CPA,2021,2,553.21,Pre,68,Jose Montero,"CFO, Copa Holdings","We reported a quarterly operating profit, which came in at $8.7 million.",-3.86E-05,14.58725169,0
CPA,2021,2,563.934,Pre,69,Jose Montero,"CFO, Copa Holdings","On an adjusted basis, not including the $10.4 million in unredeemed ticket revenues, we had an adjusted operating loss of $1.7 million for this quarter.",-0.996344738,13.59090696,0
CPA,2021,2,570.077,Pre,70,Jose Montero,"CFO, Copa Holdings",It's worth noting that we achieved this result while operating at 48% of our pre-COVID capacity.,0.99968276,14.59058972,0
CPA,2021,2,576.419,Pre,71,Jose Montero,"CFO, Copa Holdings","Unit costs, excluding fuel for the second quarter, came in better than the first quarter at 7.6 cents per ASM.",0.999999998,15.59058972,0
CPA,2021,2,585.063,Pre,72,Jose Montero,"CFO, Copa Holdings",driven by quarter-over-quarter capacity growth as well as our continued focus in maintaining the savings achieved during the past year.,0.999994133,16.59058385,0
CPA,2021,2,594.768,Pre,73,Jose Montero,"CFO, Copa Holdings","We continue with our cost savings initiatives, and we are targeting to achieve our unit cost below $0.06 once we reach 100% of our pre-COVID-19 capacity.",0.992949253,17.5835331,0
CPA,2021,2,601.432,Pre,74,Jose Montero,"CFO, Copa Holdings","Aside from our cost performance, our operating results for the quarter were driven primarily by our yields.",0.000524044,17.58405714,0
CPA,2021,2,607.585,Pre,75,Jose Montero,"CFO, Copa Holdings",which at 11.9 cents on an underlying basis came in 1% better than those in Q2 2019.,0.999999992,18.58405714,0
CPA,2021,2,622.645,Pre,76,Jose Montero,"CFO, Copa Holdings","We also achieved cash accretion of approximately $21 million per month for the quarter, which is ahead of our expectation and driven mainly by increased sales during the period, as well as some timing of operational cash outflows.",0.999999893,19.58405703,0
CPA,2021,2,632.567,Pre,77,Jose Montero,"CFO, Copa Holdings","As a reminder for our cash accretion measure, we exclude all extraordinary proceeds from asset sales, but include capex, and the payment of our financial obligations.",-1.72E-05,19.58403982,0
CPA,2021,2,636.848,Pre,78,Jose Montero,"CFO, Copa Holdings",I'm going to spend some time now discussing our balance sheet and liquidity.,-1.71E-05,19.58402269,0
CPA,2021,2,647.633,Pre,79,Jose Montero,"CFO, Copa Holdings","As of the end of the second quarter, we had assets of close to $4.1 billion, and our cash, short, and long-term investments ended at $1.3 billion.",2.78E-08,19.58402271,0
CPA,2021,2,659.377,Pre,80,Jose Montero,"CFO, Copa Holdings","We also ended the quarter with an aggregate amount of $345 million in unutilized committed credit facilities, which added to our cash brought our total liquidity to more than $1.6 billion.",0.135630408,19.71965312,0
CPA,2021,2,670.16,Pre,81,Jose Montero,"CFO, Copa Holdings","In terms of debt, we ended the quarter with $1.6 billion in debt and lease liabilities, similar levels to the ones reported for the end of the first quarter.",-1.54E-07,19.71965297,1
CPA,2021,2,682.229,Pre,82,Jose Montero,"CFO, Copa Holdings","Turning now to our fleet, during the second quarter, we finalized the sale and delivery of three Embraer 190s, and in the month of July, we delivered the last remaining Embraer 190 aircraft in our fleet.",-3.98E-06,19.71964899,0
CPA,2021,2,687.694,Pre,83,Jose Montero,"CFO, Copa Holdings","During the month of July, we also entered into an agreement for the sale of six 737-700s.",-8.10E-06,19.71964089,0
CPA,2021,2,692.197,Pre,84,Jose Montero,"CFO, Copa Holdings",and decided to keep in our fleet the remaining six 737-700s.,-9.78E-06,19.71963111,0
CPA,2021,2,701.101,Pre,85,Jose Montero,"CFO, Copa Holdings","We ended the second quarter with 81 aircraft, 68 737-800s and 13 737 MAX 9s.",-4.27E-07,19.71963068,0
CPA,2021,2,706.453,Pre,86,Jose Montero,"CFO, Copa Holdings","In these figures, we include our 737-800s that were sent to temporary storage during 2020.",-3.23E-06,19.71962746,0
CPA,2021,2,719.488,Pre,87,Jose Montero,"CFO, Copa Holdings","During the fourth quarter, we expect to receive two more 737 MAX 9s, and considering we are now keeping the six 737-700s, we expect to end the year with a total of 89 aircraft.",-6.35E-06,19.7196211,0
CPA,2021,2,728.035,Pre,88,Jose Montero,"CFO, Copa Holdings","As to our outlook for the rest of 2021, we're still in an uncertain and unpredictable demand and operating environment.",-0.999798209,18.7198229,0
CPA,2021,2,731.798,Pre,89,Jose Montero,"CFO, Copa Holdings","And as such, we will not be providing full year guidance.",-0.00798709,18.71183581,0
CPA,2021,2,742.376,Pre,90,Jose Montero,"CFO, Copa Holdings","However, based on preliminary results for the month of July and the current state of the demand environment and air travel restrictions, it can provide the following outlook for the third quarter of 2021.",-0.000107585,18.71172822,0
CPA,2021,2,750.879,Pre,91,Jose Montero,"CFO, Copa Holdings",We expect capacity to be approximately 70% of Q3 2019 levels at about 4.5 billion ASMs.,-7.34E-07,18.71172749,0
CPA,2021,2,757.661,Pre,92,Jose Montero,"CFO, Copa Holdings",Revenues to be approximately 58% of Q3 2019 levels at about $415 million.,-2.06E-07,18.71172728,0
CPA,2021,2,765.903,Pre,93,Jose Montero,"CFO, Copa Holdings","We expect our CASMX fuel to be approximately 6.6 cents, a decrease of 14% versus the second quarter.",-0.99979664,17.71193064,0
CPA,2021,2,780.622,Pre,94,Jose Montero,"CFO, Copa Holdings","Given these operating assumptions, an oil and fuel price of $2.15 per gallon, as well as the incremental capex that we were incurring during the quarter to reactivate our fleet, we expect to be cash neutral for the third quarter.",0.001818099,17.71374874,0
CPA,2021,3,2.19,Pre,1,Lori,Moderator / Call Operator,"Ladies and gentlemen, thank you for standing by.",0.001509135,0.001509135,0
CPA,2021,3,6.631,Pre,2,Lori,Moderator / Call Operator,Welcome to COPA Holdings' third quarter earnings call.,0.000661515,0.00217065,0
CPA,2021,3,11.872,Pre,3,Lori,Moderator / Call Operator,"During the presentation, all participants will be on a listen-only mode.",2.38E-06,0.002173033,0
CPA,2021,3,16.153,Pre,4,Lori,Moderator / Call Operator,"Afterwards, we will conduct a question and answer session.",-6.03E-05,0.002112756,0
CPA,2021,3,23.095,Pre,5,Lori,Moderator / Call Operator,"At that time, if you have a question, you will need to press star then 1 on your touchtone phone.",-0.000362907,0.001749849,0
CPA,2021,3,28.876,Pre,6,Lori,Moderator / Call Operator,"As a reminder, this call is being webcast and recorded on 18th of November 2021.",-4.03E-06,0.00174582,0
CPA,2021,3,37.289,Pre,7,Lori,Moderator / Call Operator,"Now I will turn the conference call over to Daniel Tapia, Director of Investor Relations.",-0.000840064,0.000905757,0
CPA,2021,3,39.23,Pre,8,Lori,Moderator / Call Operator,"Sir, you may begin.",-0.001129114,-0.000223357,0
CPA,2021,3,41.971,Pre,9,Daniel Tapia,Director of Investor Relations,"Thank you, Lori.",0.056060204,0.055836847,0
CPA,2021,3,46.032,Pre,10,Daniel Tapia,Director of Investor Relations,And welcome everyone to our third quarter earnings call.,0.001145353,0.0569822,0
CPA,2021,3,53.135,Pre,11,Daniel Tapia,Director of Investor Relations,"Joining us today are Pedro Hebron, CEO of Copa Holdings, and Jose Montero, our CFO.",-1.09E-06,0.05698111,0
CPA,2021,3,61.861,Pre,12,Daniel Tapia,Director of Investor Relations,"First, Pedro will start by going over our third quarter highlights, followed by Jose, who will discuss our financial results.",6.83E-08,0.056981179,0
CPA,2021,3,67.225,Pre,13,Daniel Tapia,Director of Investor Relations,"Immediately after, we will open the call for questions from analysts.",-1.77E-05,0.056963504,0
CPA,2021,3,74.85,Pre,14,Daniel Tapia,Director of Investor Relations,COPPA Holdings financial reports have been prepared in accordance with international financial reporting standards.,-0.000180473,0.05678303,0
CPA,2021,3,79.693,Pre,15,Daniel Tapia,Director of Investor Relations,"In today's call, we will discuss non-IFRS financial measures.",-7.53E-05,0.056707683,0
CPA,2021,3,90.526,Pre,16,Daniel Tapia,Director of Investor Relations,"A reconciliation of the non-IFRS to IFRS financial measures can be found in our earnings release, which has been posted on the company's website, copa.com.",2.04E-05,0.056728039,0
CPA,2021,3,106.499,Pre,17,Daniel Tapia,Director of Investor Relations,"Our discussion today will also contain forward-looking statements, not limited to historical facts that reflect the company's current beliefs, expectations, and or intentions regarding future events and results.",-0.000633502,0.056094537,0
CPA,2021,3,117.368,Pre,18,Daniel Tapia,Director of Investor Relations,These forward-looking statements involve risks and uncertainties that could cause actual results to differ materially and are based on assumptions subject to change.,-0.057329081,-0.001234544,0
CPA,2021,3,122.031,Pre,19,Daniel Tapia,Director of Investor Relations,Many of these are discussed in our annual report filed with the SEC.,-0.000781333,-0.002015877,0
CPA,2021,3,126.515,Pre,20,Daniel Tapia,Director of Investor Relations,"Now, I'd like to turn the call over to our CEO, Mr.",-0.005317227,-0.007333104,0
CPA,2021,3,127.236,Pre,21,Daniel Tapia,Director of Investor Relations,Pedro Hedron.,-0.00280439,-0.010137494,1
CPA,2021,3,131.219,Pre,22,Pedro Hebron,CEO,"Thank you, Daniel.",0.114130706,0.103993212,0
CPA,2021,3,136.784,Pre,23,Pedro Hebron,CEO,"Good morning to all, and thanks for participating in our third quarter earnings call.",0.551669185,0.655662397,0
CPA,2021,3,152.745,Pre,24,Pedro Hebron,CEO,"Before we begin, I'd like to thank all our co-workers for their commitment to the company and recognize their continuous efforts and dedication to keep COPPA at the forefront of Latin American aviation.",0.966912228,1.622574625,0
CPA,2021,3,156.847,Pre,25,Pedro Hebron,CEO,"To them, as always, my utmost respect and admiration.",0.999806655,2.62238128,0
CPA,2021,3,165.672,Pre,26,Pedro Hebron,CEO,"As you may have seen in our earnings release published yesterday, we're glad to report improved financial results for the third quarter.",0.999999992,3.622381271,0
CPA,2021,3,181.09,Pre,27,Pedro Hebron,CEO,"The increase in vaccination rates and reduced travel restrictions in Latin America are positively affecting air travel demand in the region, enabling us to grow capacity quarter over quarter while improving load factors.",0.999999993,4.622381265,0
CPA,2021,3,193.824,Pre,28,Pedro Hebron,CEO,"Since restarting operations in Q3 2020, we have increased flights from almost zero to nearly 70% of our pre-pandemic capacity in Q3 2021.",0.983839551,5.606220816,0
CPA,2021,3,208.066,Pre,29,Pedro Hebron,CEO,"Going forward, we expect further relaxation of travel restrictions and a continued demand recovery, which should allow us to deploy additional capacity in the fourth quarter and 2022.",0.999991073,6.606211889,0
CPA,2021,3,221.065,Pre,30,Pedro Hebron,CEO,"But of course, COVID has not gone away and We've seen in other parts of the world, additional waste of the virus could affect demand in the future.",-0.999631547,5.606580343,0
CPA,2021,3,227.769,Pre,31,Pedro Hebron,CEO,"So we will remain focused and flexible in terms of capacity, adjusting our plans as needed.",0.000374716,5.606955058,0
CPA,2021,3,231.812,Pre,32,Pedro Hebron,CEO,"Now, I'll highlight some of our third quarter results.",-1.02E-05,5.606944873,0
CPA,2021,3,240.879,Pre,33,Pedro Hebron,CEO,"In terms of capacity, we reached almost 70% of third quarter 2019 ASMs, compared to 48% of 2019 capacity in the second quarter.",2.03E-06,5.606946903,0
CPA,2021,3,257.724,Pre,34,Pedro Hebron,CEO,"Load factor came in at 79%, an improvement of two percentage points compared to the second quarter on an almost 50% quarter-over-quarter ASM growth.",0.999999995,6.606946898,0
CPA,2021,3,264.106,Pre,35,Pedro Hebron,CEO,Revenues increased by 46% over the previous quarter to $445 million.,0.99999949,7.606946388,0
CPA,2021,3,282.553,Pre,36,Pedro Hebron,CEO,Our ex-fuel CASM decreased from 7.6 cents in Q2 to 6.2 cents in Q3 reaching 2019 unit cost levels at 70% of 2019 capacity.,-0.936714366,6.670232022,0
CPA,2021,3,292.222,Pre,37,Pedro Hebron,CEO,We reported an operating profit of $59 million and an operating margin of 13.3% in the quarter.,0.099845543,6.770077564,0
CPA,2021,3,305.696,Pre,38,Pedro Hebron,CEO,"Excluding a $10.4 million passenger revenue adjustment, the company would have reported an operating profit of $48.6 million and an operating margin of 11.2%.",0.000155315,6.770232879,0
CPA,2021,3,321.156,Pre,39,Pedro Hebron,CEO,We had a cash build-up of $54 million and ended the quarter with a cash balance of $1.3 billion and a total liquidity of over $1.6 billion.,0.121415209,6.891648088,0
CPA,2021,3,337.305,Pre,40,Pedro Hebron,CEO,"On the operational front, The company delivered an on-time performance of 89.4% and a completion factor of 99.8%, once again among the best in the industry.",0.999999987,7.891648075,0
CPA,2021,3,345.172,Pre,41,Pedro Hebron,CEO,These results are a true testament to our employees' continuous commitment to delivering a world-class product to our passengers.,0.999999838,8.891647913,0
CPA,2021,3,362.581,Pre,42,Pedro Hebron,CEO,"With regards to our network, we're excited to start our first new destination since the beginning of the pandemic, Beginning in December, we will offer service to three new cities, Armenia and Cucuta in Colombia, and Atlanta in the US.",0.989724731,9.881372644,0
CPA,2021,3,370.908,Pre,43,Pedro Hebron,CEO,"By the end of the year, COPPA will provide service to 72 destinations in North, Central, South America, and the Caribbean.",1.88E-08,9.881372663,0
CPA,2021,3,382.879,Pre,44,Pedro Hebron,CEO,"And we expect to recover service to the rest of our pre-pandemic network during 2022, strengthening our position as the most complete and convenient hub in Latin America.",0.999999996,10.88137266,0
CPA,2021,3,395.213,Pre,45,Pedro Hebron,CEO,"During the quarter, we agreed with Boeing to accelerate the delivery of 12 737 MAX 9s that were originally intended to be delivered starting in 2025.",-4.52E-05,10.88132747,0
CPA,2021,3,407.735,Pre,46,Pedro Hebron,CEO,"We will receive two of these aircraft in 2022 for a total of seven MAX 9 deliveries next year, and the other 10 aircraft will be added to COPPA's deliveries from 2023 through 2025.",0.000133606,10.88146107,0
CPA,2021,3,421.579,Pre,47,Pedro Hebron,CEO,"As to Wingo, During the fourth quarter, it expects to receive two aircraft from the COPPA fleet to end the year with a total of eight 737-800.",-6.64E-06,10.88145443,0
CPA,2021,3,446.994,Pre,48,Pedro Hebron,CEO,"In closing, I'd like to reaffirm that we have a proven and strong business model, which is based on operating the best and most convenient network for intra-Latin America travel from our hub of the Americas, leveraging Panama's advantageous geographic position, with the region's lowest unit cost for a full-service carrier, best on-time performance, and strongest balance sheet.",0.999999995,11.88145443,0
CPA,2021,3,454.219,Pre,49,Pedro Hebron,CEO,"Going forward, the company expects that a top of the Americas will be an even more valuable source of strategic advantage.",0.999999978,12.88145441,0
CPA,2021,3,459.422,Pre,50,Pedro Hebron,CEO,"Now, I'll turn it over to Jose, who will go over our financial results in more detail.",-0.000251181,12.88120322,0
CPA,2021,3,461.544,Pre,51,Jose Montero,CFO,"Thank you, Pedro.",0.085538723,12.96674195,0
CPA,2021,3,462.404,Pre,52,Jose Montero,CFO,"Good morning, everyone.",0.500621597,13.46736354,0
CPA,2021,3,464.206,Pre,53,Jose Montero,CFO,Thanks for being with us today.,0.028599245,13.49596279,0
CPA,2021,3,465.587,Pre,54,Jose Montero,CFO,Hope you're doing well.,0.999999077,14.49596187,0
CPA,2021,3,472.457,Pre,55,Jose Montero,CFO,I'd like to join Pedro in acknowledging our great COPPA team for all their efforts and great spirit during these many months of the pandemic.,0.999995827,15.49595769,0
CPA,2021,3,476.14,Pre,56,Jose Montero,CFO,I will start by going over our third quarter results.,-4.51E-05,15.49591256,1
CPA,2021,3,484.857,Pre,57,Jose Montero,CFO,"Our capacity came in at 4.4 billion available seat miles, which amounts to 69% of the capacity operated per quarter of 2019.",2.29E-06,15.49591485,0
CPA,2021,3,493.755,Pre,58,Jose Montero,CFO,"Load factor came in at an average of 79% for the quarter, an increase compared to Q2, while operating 49% more ASMs.",0.999989298,16.49590415,0
CPA,2021,3,500.787,Pre,59,Jose Montero,CFO,"We reported a net profit of $8.2 million, or 19 cents per share.",0.088759391,16.58466354,0
CPA,2021,3,508.072,Pre,60,Jose Montero,CFO,"Excluding special items, we would have reported a net profit of $29.9 million, or 70 cents per share.",0.050599654,16.6352632,0
CPA,2021,3,528.975,Pre,61,Jose Montero,CFO,"Special items for the quarter are comprised mainly of an unrealized mark-to-market loss of $32.1 million, related to the company's convertible notes issued in 2020, and $10.4 million in revenues related to unredeemed tickets, which we are not including in our underlying results as they correspond to sales made during 2019 and early in 2020.",-0.118459079,16.51680412,0
CPA,2021,3,534.81,Pre,62,Jose Montero,CFO,"We reported a quarterly operating profit, which came in at $59 million.",-3.87E-05,16.51676545,0
CPA,2021,3,543.357,Pre,63,Jose Montero,CFO,"Excluding the $10.4 million in unredeemed ticket revenues, we had an adjusted operating profit of $48.6 million for the quarter.",-0.000103269,16.51666218,0
CPA,2021,3,552.855,Pre,64,Jose Montero,CFO,"Our operating margin was 13.3%, excluding the passenger revenue adjustment, we would have reported an operating margin of 11.2%.",0.001028246,16.51769042,0
CPA,2021,3,562.685,Pre,65,Jose Montero,CFO,"Unit costs, excluding fuel, were better than in the second quarter at 6.2 cents per ASM, driven by a quarter-over-quarter capacity growth of 49%.",0.999999999,17.51769042,0
CPA,2021,3,572.805,Pre,66,Jose Montero,CFO,"We continue with our cost savings initiatives, and we are now targeting to achieve unit costs below 6 cents once we reach above 90% of our pre-COVID-19 capacity.",0.971144509,18.48883493,0
CPA,2021,3,582.206,Pre,67,Jose Montero,CFO,"Our yields for the quarter came in at $0.12, a decrease of 3.4% compared to the second quarter, while operating more ASMs.",-0.999998687,17.48883624,0
CPA,2021,3,590.249,Pre,68,Jose Montero,CFO,"During the third quarter, we had a cash buildup of approximately $54 million, driven mainly by increased sales during the period.",0.635120567,18.12395681,0
CPA,2021,3,600.734,Pre,69,Jose Montero,CFO,"As a reminder, for our cash buildup measure, we exclude all extraordinary proceeds from asset sales, but include CapEx and the payment of our leases and other financial obligations.",-4.20E-05,18.12391483,0
CPA,2021,3,605.516,Pre,70,Jose Montero,CFO,We're going to spend some time now discussing our balance sheet and liquidity.,-5.98E-06,18.12390885,0
CPA,2021,3,614.763,Pre,71,Jose Montero,CFO,"As of the end of the third quarter, we had assets of close to $4.2 billion, and our cash short and long-term investments ended at $1.3 billion.",-2.45E-07,18.12390861,0
CPA,2021,3,626.792,Pre,72,Jose Montero,CFO,"We also ended the quarter with an aggregate amount of $345 million in unutilized committed credit facilities, which added to our cash, brought our total liquidity to more than $1.6 billion.",0.366052046,18.48996065,0
CPA,2021,3,636.441,Pre,73,Jose Montero,CFO,"In terms of debt, we ended the quarter with $1.6 billion in debt and lease liabilities at similar levels to the ones reported for the end of the second quarter.",-2.63E-08,18.48996062,0
CPA,2021,3,647.428,Pre,74,Jose Montero,CFO,"Turning now to our fleet in July, we finalized the sale and delivery of our last Embraer 190, and during the quarter, we delivered two Boeing 737-700s to their new owner.",-6.69E-06,18.48995394,0
CPA,2021,3,651.571,Pre,75,Jose Montero,CFO,"We ended the third quarter with 87 aircraft, 68 737-800s, 13 737 MAX lines, and six 737-700s.",-5.35E-07,18.4899534,0
CPA,2021,3,663.54,Pre,76,Jose Montero,CFO,These figures include aircraft currently in temporary storage that we plan to reactivate in the upcoming months.,-3.98E-05,18.48991365,0
CPA,2021,3,670.883,Pre,77,Jose Montero,CFO,"During the fourth quarter, we expect to receive two more 737 MAX 9s to end the year with a total of 89 aircraft.",-1.45E-06,18.4899122,0
CPA,2021,3,681.177,Pre,78,Jose Montero,CFO,"As for the remainder of the year, based on the current state of the demand environment and air travel restrictions, we can provide the following outlook for the fourth quarter of 2021.",-3.57E-05,18.48987645,0
CPA,2021,3,692.357,Pre,79,Jose Montero,CFO,"We expect capacity to be approximately 83% of Q4 2019 levels at about 5.1 billion ASMs, and we expect our operating margin to be approximately 12%.",0.000163435,18.49003988,0
CPA,2021,3,698.089,Pre,80,Jose Montero,CFO,Our Q4 2021 outlook is based on the following assumptions.,-0.000185196,18.48985469,0
CPA,2021,3,715.274,Pre,81,Jose Montero,CFO,"Revenues of approximately 80% of Q4 2019 levels at about $545 million, CASMX fuel of approximately 6.1 cents, and an all-in price of $2.50 per gallon, an increment of approximately 17% quarter-to-quarter.",0.275045027,18.76489972,0
CPA,2021,3,721.918,Pre,82,Jose Montero,CFO,"Given the uncertainty, it is still premature to give a full-year 2022 guidance.",-0.930898427,17.83400129,0
CPA,2021,3,732.415,Pre,83,Jose Montero,CFO,"However, for the first half of the year, we preliminarily expect our capacity measuring ASMs to be approximately 92% of the capacity operated during the first half of 2019.",-2.67E-05,17.8339746,0
CPA,2021,3,736.187,Pre,84,Jose Montero,CFO,"Thank you, and with that, we'll open the call to some questions.",-0.00012108,17.83385352,0
CPA,2021,3,744.368,Pre,85,Lori,Moderator / Call Operator,And thank you.,0.68518708,18.5190406,0
CPA,2021,3,749.11,Pre,86,Lori,Moderator / Call Operator,"As a reminder, to ask a question, you will need to press star 1 on your telephone.",-0.002042171,18.51699843,0
CPA,2021,3,752.671,Pre,87,Lori,Moderator / Call Operator,"To withdraw your question, press the pound key.",-0.002147526,18.5148509,0
CPA,2021,4,6.093,Pre,1,Call Operator,Conference Call Moderator,"Ladies and gentlemen, thank you for standing by to the COPPA Holdings fourth quarter earnings call.",6.56E-05,6.56E-05,0
CPA,2021,4,10.436,Pre,2,Call Operator,Conference Call Moderator,"During the presentation, all participants will be on a listen only mode.",-2.99E-05,3.57E-05,0
CPA,2021,4,13.778,Pre,3,Call Operator,Conference Call Moderator,"Afterwards, we will conduct a question and answer session.",-6.03E-05,-2.45E-05,0
CPA,2021,4,20.602,Pre,4,Call Operator,Conference Call Moderator,"At that time, if you have a question, you will have to press star and then one on your touchtone phone.",-0.000598443,-0.000622979,0
CPA,2021,4,26.236,Pre,5,Call Operator,Conference Call Moderator,"As a reminder, this call is broadcast and recorded on February 10th, 2022.",-1.34E-05,-0.000636419,0
CPA,2021,4,34.204,Pre,6,Call Operator,Conference Call Moderator,Now we'll turn the conference over to Daniel of Investor Relations.,-0.000744979,-0.001381399,0
CPA,2021,4,36.125,Pre,7,Call Operator,Conference Call Moderator,"Sir, you may begin.",-0.001129114,-0.002510513,0
CPA,2021,4,38.746,Pre,8,Daniel,Investor Relations,"Thank you, Chris.",0.073181175,0.070670662,0
CPA,2021,4,44.029,Pre,9,Daniel,Investor Relations,"And welcome, everyone, to our fourth quarter and full year 2021 earnings call.",0.000323841,0.070994503,0
CPA,2021,4,52.073,Pre,10,Daniel,Investor Relations,"Joining us today are Pedro Hebron, CEO of Copa Holdings, and Jose Montero, our CFO.",-1.09E-06,0.070993413,0
CPA,2021,4,57.836,Pre,11,Daniel,Investor Relations,"First, Pedro will start by going over our fourth quarter and full year highlights.",5.20E-06,0.07099861,0
CPA,2021,4,61.6,Pre,12,Daniel,Investor Relations,"followed by Jose, who will discuss our financial results.",-3.12E-06,0.070995485,0
CPA,2021,4,66.142,Pre,13,Daniel,Investor Relations,"Immediately after, we will open the call for questions from panelists.",-7.37E-06,0.070988112,0
CPA,2021,4,73.625,Pre,14,Daniel,Investor Relations,COPPA Holdings financial reports have been prepared in accordance with international financial reporting standards.,-0.000180473,0.070807638,0
CPA,2021,4,78.627,Pre,15,Daniel,Investor Relations,"In today's call, we will discuss non-IFRS financial measures.",-7.53E-05,0.070732291,0
CPA,2021,4,90.46,Pre,16,Daniel,Investor Relations,"A reconciliation of the non-IFRS to IFRS financial measures can be found in our earnings release which has been posted on the company's website, copa.com.",1.37E-05,0.070746031,0
CPA,2021,4,105.709,Pre,17,Daniel,Investor Relations,"Our discussion today will also contain forward-looking statements, not limited to historical facts that reflect the company's current beliefs, expectations, and or intentions regarding future events and results.",-0.000633502,0.070112528,0
CPA,2021,4,117.683,Pre,18,Daniel,Investor Relations,These forward-looking statements involve risks and uncertainties that could cause actual results to differ materially and are based on assumptions subject to change.,-0.057329081,0.012783447,0
CPA,2021,4,122.846,Pre,19,Daniel,Investor Relations,Many of these are discussed in our annual report file with the SEC.,-0.000547964,0.012235483,0
CPA,2021,4,127.348,Pre,20,Daniel,Investor Relations,"Now I'd like to turn the call over to our CEO, Mr.",-0.004264909,0.007970575,0
CPA,2021,4,128.148,Pre,21,Daniel,Investor Relations,Pedro Gelro.,-0.009283149,-0.001312575,1
CPA,2021,4,132.29,Pre,22,Pedro Hebron,"CEO, COPPA Holdings","Thank you, Daniel.",0.114130706,0.112818131,0
CPA,2021,4,137.753,Pre,23,Pedro Hebron,"CEO, COPPA Holdings",Good morning to all and thanks for participating in our first quarter earnings call.,0.400275231,0.513093362,0
CPA,2021,4,151.086,Pre,24,Pedro Hebron,"CEO, COPPA Holdings","Before we begin, I'd like to thank all our coworkers for their commitment to the company and recognize their continuous efforts and dedication to keep COPPA at the forefront of Latin American aviation.",0.9783362,1.491429562,0
CPA,2021,4,155.288,Pre,25,Pedro Hebron,"CEO, COPPA Holdings","To them, as always, my utmost respect and admiration.",0.999806655,2.491236217,0
CPA,2021,4,161.801,Pre,26,Pedro Hebron,"CEO, COPPA Holdings","Today, we're glad to report strong financial results for the fourth quarter of 2021.",0.999999997,3.491236214,0
CPA,2021,4,175.916,Pre,27,Pedro Hebron,"CEO, COPPA Holdings","During the quarter, international air travel demand in Latin America continued to recover, which allowed us to end the fourth quarter with 83% of Q4 2019 ASMs.",0.998055353,4.489291567,0
CPA,2021,4,189.595,Pre,28,Pedro Hebron,"CEO, COPPA Holdings","Compared to the third quarter of 2021, unit revenues improved 11.2%, with solid gains in both load factor and yield, while increasing capacity 16%.",0.999999991,5.489291559,0
CPA,2021,4,204.965,Pre,29,Pedro Hebron,"CEO, COPPA Holdings","Adjusted unit cost, excluding fuel, came in at 6.1 cents for the quarter, a 2.4% reduction when compared to Q3 of 2021.",0.555717249,6.045008808,0
CPA,2021,4,225.407,Pre,30,Pedro Hebron,"CEO, COPPA Holdings","For the quarter, we reported an adjusted operating profit of $815 million and an adjusted operating margin of 20.1%, an improvement of almost 9 percentage points quarter over quarter, and our best results since the beginning of the pandemic.",0.999999991,7.045008799,0
CPA,2021,4,229.918,Pre,31,Pedro Hebron,"CEO, COPPA Holdings",Jose will provide further details on our fourth quarter financials.,-3.15E-06,7.045005652,0
CPA,2021,4,235.731,Pre,32,Pedro Hebron,"CEO, COPPA Holdings",Now turning to the main highlights for full year 2021.,-4.79E-06,7.045000859,0
CPA,2021,4,248.556,Pre,33,Pedro Hebron,"CEO, COPPA Holdings","Excluding special items, we would have reported a net profit of $2.7 million and an operating profit of $85.6 million with an operating margin of 5.8%.",0.001272844,7.046273703,0
CPA,2021,4,256.409,Pre,34,Pedro Hebron,"CEO, COPPA Holdings","Overall, a strong result when compared to what we expected at the beginning of the year.",0.999999995,8.046273698,0
CPA,2021,4,264.599,Pre,35,Pedro Hebron,"CEO, COPPA Holdings",We finalized the sale and delivery of our Embraer 190s and now operate an all-Boeing 737 fleet.,-8.69E-07,8.04627283,0
CPA,2021,4,274.208,Pre,36,Pedro Hebron,"CEO, COPPA Holdings",We restarted 737 MAX 9 operations and received seven additional aircraft during the year to end 2021 with a total of 14 MAX 9s.,-0.005453443,8.040819387,0
CPA,2021,4,287.318,Pre,37,Pedro Hebron,"CEO, COPPA Holdings","The additional aircraft, also equipped with our Dream's business class cabin, would allow us to provide world-class comfort to our business class passengers in more markets.",0.901146259,8.941965646,0
CPA,2021,4,299.411,Pre,38,Pedro Hebron,"CEO, COPPA Holdings","In December, we launched our first new destination since the beginning of the pandemic by starting service to Armenia and Cucuta in Colombia and Atlanta in the U.S.",0.000663644,8.942629289,0
CPA,2021,4,313.745,Pre,39,Pedro Hebron,"CEO, COPPA Holdings","With these additions, we ended the year providing service to 68 destinations in North, Central, South America, and the Caribbean, strengthening our position as the most complete and convenient hub in Latin America.",0.999999997,9.942629286,0
CPA,2021,4,325.724,Pre,40,Pedro Hebron,"CEO, COPPA Holdings",And Copa Airlines was recently recognized by Sirium for the eighth consecutive year as the most on-time airline in Latin America during 2021.,0.999997247,10.94262653,0
CPA,2021,4,333.09,Pre,41,Pedro Hebron,"CEO, COPPA Holdings","In fact, Copa's on-time performance was again the highest of any airline in all of the Americas.",0.999999539,11.94262607,0
CPA,2021,4,347.695,Pre,42,Pedro Hebron,"CEO, COPPA Holdings","I'd like to take this opportunity to recognize our more than 6,000 Copa and Wingo employees for everything they do day in and day out to deliver a world-class travel experience to our passengers.",0.998741347,12.94136742,0
CPA,2021,4,364.791,Pre,43,Pedro Hebron,"CEO, COPPA Holdings","Turning now to Wingo, it continued its regional expansion during the year, adding four new routes, from Panama City to San Jose, Costa Rica, from Bogota to Lima, from Cali to Cancun, and from Medellín to Punta Cana.",0.013566031,12.95493345,0
CPA,2021,4,373.797,Pre,44,Pedro Hebron,"CEO, COPPA Holdings","To summarize, in Q4 2021, we delivered our strongest quarterly financial results since the beginning of the pandemic.",0.999998252,13.9549317,0
CPA,2021,4,379.781,Pre,45,Pedro Hebron,"CEO, COPPA Holdings",We were able to reach 83% of our pre-pandemic capacity in the first quarter.,0.999930703,14.95486241,0
CPA,2021,4,389.572,Pre,46,Pedro Hebron,"CEO, COPPA Holdings",Our team continued to deliver world-leading operational results with COPPA being recognized as the most on-time airline in the Americas.,0.99999998,15.95486238,0
CPA,2021,4,395.797,Pre,47,Pedro Hebron,"CEO, COPPA Holdings",We delivered lower unit costs compared to pre-pandemic levels on less capacity.,0.99992521,16.95478759,0
CPA,2021,4,407.587,Pre,48,Pedro Hebron,"CEO, COPPA Holdings","And we're strategically focused on restarting destinations and adding new markets, strengthening our position as the most complete and convenient hub in Latin America.",0.999999756,17.95478735,0
CPA,2021,4,415.474,Pre,49,Pedro Hebron,"CEO, COPPA Holdings","Overall, The recovery in demand and rebuilding of our network in 2021 was quite encouraging.",0.999999986,18.95478734,0
CPA,2021,4,423.236,Pre,50,Pedro Hebron,"CEO, COPPA Holdings","Now, as I'm sure you're aware, 2022 is off to a much more challenging start.",-0.999004651,17.95578269,0
CPA,2021,4,432.539,Pre,51,Pedro Hebron,"CEO, COPPA Holdings",The Omicron variant is impacting both international travel demand in the region and the number of crews we have available to fly.,-0.973636652,16.98214603,1
CPA,2021,4,445.771,Pre,52,Pedro Hebron,"CEO, COPPA Holdings","Due to a reduced number of available pilots and flight attendants, We canceled approximately 1,000 flights during the months of January and February, which is 4% of our Q1 schedule.",-0.999759794,15.98238624,0
CPA,2021,4,451.615,Pre,53,Pedro Hebron,"CEO, COPPA Holdings","Fortunately, we do not expect any crew availability cancellations for March.",-0.112705018,15.86968122,0
CPA,2021,4,465.072,Pre,54,Pedro Hebron,"CEO, COPPA Holdings","We're seeing, however, an industry slowdown in bookings for Q1 travel that will cause our load factors and unit revenues to come in lower than the fourth quarter of 2021.",-0.99999877,14.86968245,0
CPA,2021,4,469.242,Pre,55,Pedro Hebron,"CEO, COPPA Holdings",Jose will share our Q1 guidance during his presentation.,-8.92E-07,14.86968156,0
CPA,2021,4,492.291,Pre,56,Pedro Hebron,"CEO, COPPA Holdings","I'd like to reiterate that we have a proven and strong business model which is based on operating the best and most convenient network for intra-Latin America travel from our hub of the Americas, leveraging Panama's advantageous geographic position with low unit cost, best on time performance, and strongest balance sheet.",0.999999995,15.86968155,1
CPA,2021,4,499.396,Pre,57,Pedro Hebron,"CEO, COPPA Holdings","And we expect that going forward, our hope of the Americas will be an even more valuable source of strategic advantage.",0.999999981,16.86968153,0
CPA,2021,4,504.9,Pre,58,Pedro Hebron,"CEO, COPPA Holdings","Now, I'll turn it over to Jose, who will go over our financial results in more detail.",-0.000251181,16.86943035,0
CPA,2021,4,508.103,Pre,59,Jose Montero,"CFO, COPPA Holdings","Thank you, Pedro.",0.085538723,16.95496908,0
CPA,2021,4,508.923,Pre,60,Jose Montero,"CFO, COPPA Holdings","Good morning, everyone.",0.500621597,17.45559067,0
CPA,2021,4,510.444,Pre,61,Jose Montero,"CFO, COPPA Holdings",Thanks for being with us today.,0.028599245,17.48418992,0
CPA,2021,4,517.43,Pre,62,Jose Montero,"CFO, COPPA Holdings",I'd like to join Pedro in acknowledging our great team for all their efforts and their great spirit during these many months of the pandemic.,0.999995667,18.48418558,0
CPA,2021,4,521.093,Pre,63,Jose Montero,"CFO, COPPA Holdings",I will start by going over our fourth quarter results.,-2.62E-05,18.48415942,0
CPA,2021,4,530.117,Pre,64,Jose Montero,"CFO, COPPA Holdings","Capacity came in at 5.1 billion available seat miles, which amounts to 83% of the capacity that we operated during the fourth quarter of 2019.",1.08E-05,18.48417019,0
CPA,2021,4,541.817,Pre,65,Jose Montero,"CFO, COPPA Holdings","Load factor came in at an average of 83.5% for the quarter, a 4.2 percentage point increase compared to Q3, while operating 16% more ASMs.",0.999961405,19.48413159,0
CPA,2021,4,545.14,Pre,66,Jose Montero,"CFO, COPPA Holdings","We reported a net profit of $114.4 million, or $2.69 per share.",0.048095019,19.53222661,0
CPA,2021,4,556.127,Pre,67,Jose Montero,"CFO, COPPA Holdings","Excluding special items, we would have reported a net profit of $84.1 million, or $1.98 per share.",0.010797807,19.54302442,0
CPA,2021,4,572.179,Pre,68,Jose Montero,"CFO, COPPA Holdings","Special items for the quarter are mainly comprised of an unrealized mark-to-market loss of $8.9 million related to the company's convertible notes issued in 2020, and a reversal of $39.2 million related to the company's provision for the return of leased aircraft.",-0.692565249,18.85045917,0
CPA,2021,4,586.151,Pre,69,Jose Montero,"CFO, COPPA Holdings","We reported a quarterly operating profit of $155 million, Excluding the reversal of $39.2 million, we would have reported an adjusted operating profit of $115.8 million for the quarter.",0.000835818,18.85129499,0
CPA,2021,4,589.323,Pre,70,Jose Montero,"CFO, COPPA Holdings",Our reported operating margin was 27%.,0.003000311,18.8542953,0
CPA,2021,4,594.107,Pre,71,Jose Montero,"CFO, COPPA Holdings","Excluding these special items, we would have reported an operating margin of 20.1%.",-0.00069546,18.85359984,0
CPA,2021,4,609.218,Pre,72,Jose Montero,"CFO, COPPA Holdings","Unit costs, excluding fuel, were better than in the third quarter, coming in at 6.1 cents per ASM, driven by our continued focus on reducing expenses as well as a quarter over quarter capacity growth of 16%.",0.999999998,19.85359984,0
CPA,2021,4,620.253,Pre,73,Jose Montero,"CFO, COPPA Holdings","Our yields for the quarter came in at 12.7 cents, an increase of 5.8% compared to the third quarter, while operating more ASMs.",0.999999893,20.85359973,0
CPA,2021,4,634.04,Pre,74,Jose Montero,"CFO, COPPA Holdings","I'd like to highlight that our cargo revenues for the quarter also came in higher quarter over quarter, and over 60% above our cargo revenues for Q4 2019, driven by an improved cargo demand environment in the region.",0.999999996,21.85359973,0
CPA,2021,4,645.682,Pre,75,Jose Montero,"CFO, COPPA Holdings","Turning to cash, in the fourth quarter, we had a cash buildup of approximately $84 million, driven mainly by increased sales during the period, as well as by our continued focus on our costs.",0.401927748,22.25552748,0
CPA,2021,4,657.829,Pre,76,Jose Montero,"CFO, COPPA Holdings","As a reminder, for our cash buildup measure, we exclude all extraordinary proceeds from asset sales, but include capex, the payment of debt principal and interest, as well as the payment of our leases.",-1.60E-05,22.25551143,1
CPA,2021,4,661.952,Pre,77,Jose Montero,"CFO, COPPA Holdings",Now I'd like to go over our full year 2021 financial highlights.,-1.62E-05,22.25549525,0
CPA,2021,4,666.976,Pre,78,Jose Montero,"CFO, COPPA Holdings",Our reported net income came in at $39.9 million.,2.38E-05,22.25551901,0
CPA,2021,4,675.263,Pre,79,Jose Montero,"CFO, COPPA Holdings","Excluding special items, we would have reported an adjusted net income of $2.7 million or an adjusted earnings per share of six cents.",0.001605845,22.25712486,0
CPA,2021,4,697.722,Pre,80,Jose Montero,"CFO, COPPA Holdings","Special items for the year include a $22.8 million unrealized mark-to-market loss related to the company's convertible notes, a passenger revenue adjustment of $20.8 million corresponding to unredeemed coupons from 2019 and 2020 sales, and the reversal of $39.2 million in the company's provision for the return on leased aircraft.",-0.179747307,22.07737755,0
CPA,2021,4,702.604,Pre,81,Jose Montero,"CFO, COPPA Holdings",Reported operating profits came in at $145.7 million.,-5.25E-05,22.07732502,0
CPA,2021,4,711.386,Pre,82,Jose Montero,"CFO, COPPA Holdings","Excluding the special items, we would have reported an operating profit of $85.6 million and a 5.8% operating margin.",0.020874532,22.09819955,0
CPA,2021,4,716.387,Pre,83,Jose Montero,"CFO, COPPA Holdings","Finally, for the full year, we had a cash buildup of $133 million.",-0.000399889,22.09779967,0
CPA,2021,4,721.149,Pre,84,Jose Montero,"CFO, COPPA Holdings",I'm going to spend some time now discussing our balance sheet and liquidity.,-1.71E-05,22.09778253,0
CPA,2021,4,731.64,Pre,85,Jose Montero,"CFO, COPPA Holdings","So at the end of 2021, we had assets of close to $4.2 billion and our cash short long-term investments ended at $1.2 billion.",-3.28E-07,22.0977822,0
CPA,2021,4,742.124,Pre,86,Jose Montero,"CFO, COPPA Holdings","We also ended the quarter with an aggregate amount of $295 million in unutilized committed credit facilities, which brought our total liquidity to more than $1.5 billion.",0.003855917,22.10163811,0
CPA,2021,4,756.521,Pre,87,Jose Montero,"CFO, COPPA Holdings","In terms of debt, we ended the quarter with $1.6 billion in debt and lease liabilities, similar levels to the ones reported for the end of the third quarter, and our adjusted net debt to EBITDA ratio came in at 1.05 times.",1.41E-06,22.10163952,0
CPA,2021,4,768.831,Pre,88,Jose Montero,"CFO, COPPA Holdings","Turning now to our fleet, during the fourth quarter, we received one 737 MAX 9 and decided to keep three 737 700s, previously considered as assets held for sale.",-0.000684937,22.10095459,0
CPA,2021,4,774.375,Pre,89,Jose Montero,"CFO, COPPA Holdings","During the quarter, we also completed the conversion of one of our 737 800s into a freighter.",3.29E-05,22.10098749,0
CPA,2021,4,784.027,Pre,90,Jose Montero,"CFO, COPPA Holdings","We ended the year with 91 aircraft, 68 737 800s, 14 737 MAX 9s, and nine 737-700s.",-1.89E-06,22.1009856,0
CPA,2021,4,793.254,Pre,91,Jose Montero,"CFO, COPPA Holdings","These figures include three 737-700s, which are currently in temporary storage, and a 737-800 freighter.",-4.34E-07,22.10098516,0
CPA,2021,4,806.603,Pre,92,Jose Montero,"CFO, COPPA Holdings","In Q1 of this year, we have received one 737 MAX 9 and expect to receive one additional MAX 9 aircraft to end the quarter with 16 MAX 9s and a total fleet of 93 aircraft.",0.000164059,22.10114922,0
CPA,2021,4,819.323,Pre,93,Jose Montero,"CFO, COPPA Holdings","As to our outlook, based on the current state of the demand environment, air travel restrictions, and the impact of the Omicron variant, we can provide the following guidance for the first quarter of 2022.",-0.000114673,22.10103455,0
CPA,2021,4,828.357,Pre,94,Jose Montero,"CFO, COPPA Holdings","We expect capacity to be approximately 88% of Q1 2019 levels, or about 5.7 billion ASMs.",-5.95E-07,22.10103395,0
CPA,2021,4,832.228,Pre,95,Jose Montero,"CFO, COPPA Holdings",And we expect our operating margin to be in the range of 3% to 6%.,-8.84E-05,22.10094553,0
CPA,2021,4,859.017,Pre,96,Jose Montero,"CFO, COPPA Holdings","We're basing our Q1 2022 outlook on the following assumptions, revenues of approximately 82% of Q1 2019 levels, or approximately $550 million, Casamex fuel of approximately $0.06, and an all-in fuel price of $2.79 per gallon, an increase of approximately 15% compared to the average fuel price in the fourth quarter of 2021.",0.840483353,22.94142888,0
CPA,2021,4,866.013,Pre,97,Jose Montero,"CFO, COPPA Holdings","Given the recent volatility in the environment, we believe it is premature to give complete full-year guidance.",-0.891306727,22.05012215,0
CPA,2021,4,878.058,Pre,98,Jose Montero,"CFO, COPPA Holdings","However, preliminarily, we expect our full year 2022 capacity to be approximately 93% of 2019 ASMs, and our CASMX field to be in the range of 5.9 cents.",-6.56E-06,22.0501156,0
